key,subject,assessment,period-start,period-end,mark,published,link,addendum,key:audit
auditing-record-01,subject for auditingRecord 1 but with 75 characters cccccccccccccccccccc 75,assesment for auditingRecord 1 but with more characters cccccccccccccccccccccccccccccccccccccccc 100,2021/12/20 22:00,2021/12/20 23:30,A,true,https://www.wizardingworld.com/,false,audit-01
auditing-record-02,S,assesment for auditingRecord 2,2022/05/21 16:30,2022/05/21 18:00,C,true,https://www.wizardingworld.com/,false,audit-02
auditing-record-03,subject with more characters,aaaaaaaaaaaaaaaaaaaaaaaaaaaaaaaaaaaaaaaaaaaaaaaaaaaaaaaaaaaaaaaaaaaaaaaaaaaaaaaaaaaaaaaaaaaaaaaaa100,2021/12/20 22:00,2021/12/20 23:30,A,true,,false,audit-01
auditing-record-04,aaaaaaaaaaaaaaaaaaaaaaaaaaaaaaaaaaaaaaaaaaaaaaaaaaaaaaaaaaaaaaaaaaaaaaaaa75,poco,2022/05/21 16:30,2022/05/21 18:00,C,true,https://www.wizardingworld.com/,false,audit-02
auditing-record-05,b,assesment for auditingRecord 5 with characters  50,2021/12/20 22:00,2021/12/20 23:30,B,true,,false,audit-01
auditing-record-06,gym,a,2022/07/29 22:59,2022/07/29 23:59,C,true,https://www.wizardingworld.com/,false,audit-02
auditing-record-07,drawing,assessment X,2022/07/29 22:59,2022/07/29 23:59,B,false,https://www.wizardingworld.com/,false,audit-03
auditing-record-08,subject for auditingRecord 1 but with 75 characters accccccccccccccccccc 75,assesment for auditingRecord 1 but with more characters cccccccccccccccccccccccccccccccccccccccc 100,2021/12/20 22:00,2021/12/20 23:30,A,false,https://www.wizardingworld.com/,false,audit-06
auditing-record-09,subject for auditingRecord 1 but with 75 characters bccccccccccccccccccc 75,assesment for auditingRecord 1 but with more characters cccccccccccccccccccccccccccccccccccccccc 100,2021/12/20 22:00,2021/12/20 23:30,A,false,https://www.wizardingworld.com/,false,audit-06
auditing-record-10,subject,assesment,2021/12/20 22:00,2021/12/20 23:30,A,true,https://www.wizardingworld.com/,false,audit-07
